x,y,z
9.87891670472199,17.1107856563194,19.757833409444
12.2985745072345,21.3017559072016,22.9372125319685
23.4418750988031,40.6025186958107,40.755422265868
10.2979135765862,17.8365095266006,16.6781719790832
8.07440537867886,13.9852803567792,12.1690017505505
7.19173907788926,12.4564574776827,10.0714198303508
6.90651961027542,11.9624428684678,8.97029255496074
9.0199730961604,15.6230516854542,10.8394932363418
24.1180825036504,41.7737442774605,26.7377428709162
40.5421959781241,70.2211432845256,41.3145612584899
43.0651596091612,74.5910444791303,40.1632274508384
43.838665734308,75.9307963878503,37.2168191608894
43.5631940743225,75.45366547671,33.4446869128007
32.1425814080388,55.6725840851419,22.1351566823975
30.4316237339799,52.7091184640721,18.6077621241664
31.7348330521131,54.966343215976,17.0066457765004
32.2666857561254,55.8875391214681,14.8987027482673
31.910802587342,55.2711313915768,12.4056633435205
30.6783792381979,53.136511534425,9.71795585141171
29.3508074676403,50.837089777125,7.20765201411982
31.0263193536278,53.739161492341,5.42890242875482
24.743914861088,42.857717717563,2.59354725727653
9.29899816615068,16.1063372832628,0.32462923351507
6.40616301163102,13.1345806325303,14.613559899081
8.55703615625931,17.5445241037114,18.2027612145208
20.3861877451041,41.7978790489438,40.4256593328607
7.51674072096253,15.411602376345,13.8853495766931
6.72801396239556,13.7944728732988,11.5653646633607
7.0018077652698,14.3558333591324,11.1839445051253
10.0938106436811,20.6953787389133,14.953076461162
7.38018130460122,15.1316140803756,10.1157668329662
25.1266847737743,51.5173383178214,31.7720472825849
36.5350371500221,74.9079270209326,42.4652292070617
37.8424210502468,77.5884612539821,40.2540424206944
38.4352123433033,78.8038635193907,37.2168191608894
32.0607821038253,65.7343447115098,28.0743412857123
26.5212459717866,54.3766124994234,20.831656904936
26.9673487367771,55.2912587122227,18.8076837785019
22.827186872558,46.8026689372542,13.9528487054355
22.0526207829789,45.214573108233,11.6140140769666
23.1320034909828,47.4276356209877,10.2570755910527
25.4661845034691,52.2134159178298,9.20098735814843
24.3378241211502,49.8999342912754,6.81684702548493
26.8362441429475,55.0224544598451,5.35588884286574
26.4656822602883,54.2626900082862,3.16400302490632
10.2106635903363,20.9349627843403,0.406568263525017
4.71840750217404,11.6784683776918,12.5956338866021
17.765220521234,43.9704637601476,44.2232903418762
13.9690672285941,34.5746546519816,32.4156731219038
5.86530102860361,14.5171294672259,12.6789736388119
5.94044821198984,14.7031252728964,11.9497331020034
7.90438544974872,19.5640405110081,14.7747273382458
6.10369911907676,15.1071854468355,10.5812033856023
6.35268589802015,15.7234493500728,10.1895664632205
4.11333706080247,10.1808664828622,6.0865452038306
5.2897509720723,13.0925930888222,7.19491538358023
8.11141434793655,20.0764550151901,10.0970316470422
8.75654755605989,21.6732157373184,9.92223303011223
11.1434948958112,27.5811177177338,11.4188778048372
12.9831812691761,32.1345012748585,11.9337670449359
14.3255732299248,35.4570379690393,11.6916448958712
16.4387170655168,40.6872524958906,11.7583113584403
17.402824342879,43.073501743373,10.7252745870803
19.429717555017,48.0902384860143,10.0819221315989
21.7018473397678,53.7139570455067,9.17558581544083
23.9818821484614,59.3572412258357,7.86052600509023
24.9773772147641,61.8211779770823,5.83341935062094
25.1041570144351,62.1349689925268,3.512092800883
25.2667092580754,62.5372999137543,1.17732057676955
5.62853718743402,17.3228562401444,18.214328952422
2.39193474115552,7.36161817485188,7.21809891296105
3.45200016144934,10.624164067219,9.71072146163708
3.95533070985621,12.1732562098082,10.3650081165475
4.86484238655624,14.9724453240565,11.8631717680003
7.35010024811275,22.6212825302043,16.654733215355
4.92656187896144,15.1623983897548,10.3533033806969
4.5522809923845,14.0104802668576,8.85157264766052
4.7457080945278,14.6057876747675,8.51276467066272
4.6650755973774,14.3576263657264,7.69205184163787
4.48510257400374,13.8037263545537,6.76803449628722
4.61954330348346,14.2174923743992,6.34554031141475
4.52478128726733,13.9258448771413,5.62072906733312
4.63053696388177,14.2513273820204,5.15965713875394
4.49393638139655,13.8309140181371,4.44614457238931
4.617448123909,14.2110440747155,4.00379758529657
4.82192666565241,14.8403643163448,3.60248629461636
4.5354240607938,13.9585999660136,2.85290824470985
3.29859625885297,10.1520354016597,1.69067181360623
5.27125682055319,16.2232603368393,2.09447689253215
4.87871575639111,15.0151431660024,1.38125840655749
5.04692993799434,15.5328531834421,0.855934770779792
5.34808595801832,16.4597161083911,0.302090788979811
3.99951187704109,16.0411659798866,16.532244289535
3.09560775075328,12.415804544427,11.9323673501592
2.65782095016503,10.659937591674,9.55022486799561
4.11822087888437,16.5172817811187,13.7849015469415
3.96401249201484,15.898785723271,12.3473638490288
5.95711812890206,23.8926958102211,17.2420070102521
3.47455472073926,13.935677826468,9.3269863524971
3.81559965632333,15.3035343515875,9.47679235803297
3.64943314154485,14.6370768623219,8.36184677710008
3.69137900285733,14.8053125231147,7.77462304940604
2.75264693675446,11.0402638506906,5.30576343089495
2.68504110215788,10.7691116582949,4.7111582253792
2.46924006733886,9.90358098240546,3.91801020478246
3.74098311192363,15.0042637379829,5.32454403555599
3.65378511350873,14.6545316684979,4.61749942016437
3.51757252663181,14.1082128221444,3.89601245266611
3.63399448200999,14.5751557810201,3.46795287190646
3.80308522190968,15.2533416966473,3.05571713250459
3.70906315139389,14.876239768891,2.42829566916922
3.84538821359126,15.4230097291153,1.95168073620061
3.87302000495343,15.5338347910701,1.40063942208548
3.89608126316157,15.6263284457947,0.844011933696359
4.40278578441489,17.6586092785739,0.317668276951531
1.95954660202903,11.1131410187809,11.2845791321092
1.90525349945103,10.8052295331996,10.231478700355
9.57450298681774,54.2997047210149,47.9301803188893
1.68950001390976,9.58163071313026,7.87874744053482
1.73621786929718,9.84658083704046,7.53439526315795
1.94112576716925,11.0086712729384,7.82726840584553
2.47628907759985,14.0437332259099,9.26079934469506
2.53090320029272,14.3534653070324,8.75747781553784
2.6477552712758,15.0161663327834,8.45200181550459
2.55729197081928,14.5031234615617,7.50370869666967
2.5648415726952,14.545939381426,6.88751983102355
2.51572208914311,14.267368947368,6.14956451470338
4.54568635181899,25.7798683647554,10.0486254935629
12.6735867002675,71.8754818425757,25.1305019088248
12.9771569039761,73.5971140198459,22.8480084096163
13.7946664208877,78.2334408804713,21.285969003506
12.7397652994223,72.25079932881,16.937733580385
6.55969460514342,37.2018767563942,7.34286695275599
2.48021174523739,14.0659797795671,2.26220023978158
2.61211127856278,14.8140192049314,1.84699281430429
1.81270994520398,10.2803889564755,0.913292454875264
2.05934020658848,11.679098674033,0.621517878653413
2.52740453555219,14.3336233932964,0.254053977765044
1.21735546701986,11.5823635835673,11.6461624801919
0.99945670940504,9.50919538949759,8.91631265137059
2.80749031097066,26.7114860202736,23.3478424687563
1.37148105715177,13.0487706198044,10.6248903618446
1.58691387651202,15.0984769785986,11.4401890301205
1.55292836288846,14.77512641582,10.4026416537844
1.55039018409415,14.750977257721,9.63216263298107
1.53986008911579,14.6507900963593,8.85157264766052
1.4488811099625,13.7851829310218,7.68334182503645
1.58363524770685,15.067282909236,7.71945206308941
1.35652163366559,12.9064412127318,6.05152325459412
1.44838745338094,13.7804861023896,5.88168981782426
1.67713261759426,15.9568509618561,6.1590008477477
6.58037873720258,62.6081215525624,21.6764509329985
6.93886431173013,66.0188839601988,20.295177488091
7.67849295671895,73.0559804494053,19.6831171388472
8.1365114024501,77.413734868848,17.9708149420146
4.49326597079322,42.7505700358829,8.35564210108361
1.48806601725591,14.1580024201162,2.25475909566895
1.45692053017461,13.8616729049205,1.71137450963822
1.58893917094032,15.1177463679164,1.32991684890269
1.64287803150796,15.6309403456025,0.823695159889244
1.62792071534854,15.4886309884048,0.271844250801228
0.383065720593005,10.9695669989038,10.9762534359286
0.336711468402065,9.64215489242394,8.99693559013383
1.62738606334023,46.6022394988976,40.5354018204864
0.459533520246469,13.1593182777677,10.6627012585777
0.511000334693404,14.6331350119349,11.0335795124662
0.501976148468089,14.3747161295146,10.0714198303508
0.30868259871877,8.83951308093926,5.74394597162036
0.369394987257524,10.5780884165458,6.359830991297
0.432817759401975,12.3942789835789,6.87444875526895
0.517603443256072,14.8222233011901,7.55690345144759
0.520946012382464,14.9179419573091,6.96059078244079
1.23626638564087,35.4020373443664,15.0364330839594
2.74450472724847,78.5923325056463,30.1871590801443
2.93422376542203,84.0251749353752,28.9498233919567
2.99538463970935,85.7765932224715,26.2405213156989
3.11742553095392,89.2713870950238,23.9347764984646
3.14467843584678,90.051808182231,20.8027705483639
3.23368377531158,92.600587626677,18.0107024825273
1.26763267524795,36.3002503581,5.75289934745254
0.521427556943785,14.9317315893341,1.8345036367653
0.518070898206318,14.8356094595437,1.29873880079473
0.519337134635114,14.8718697266347,0.779876746001717
0.48686922718489,13.9421105053239,0.243508783078075
-0.413690794035575,11.8465543588133,11.8537753584834
-0.350508727598548,10.0372567013846,9.36559856707451
-2.41352302967051,69.114256781795,60.1167283010209
-0.415272494569651,11.8918483359248,9.63569871491778
-0.489403621901907,14.0146860743594,10.5672607419789
-0.479242553817874,13.72371115508,9.6153033860257
-0.501237024116905,14.3535503773867,9.3269863524971
-0.499710347953597,14.3098320920932,8.60345556170616
-0.509884730581421,14.6011882900209,8.09850422108196
-0.491101835780147,14.0633165571052,7.16998545155204
-0.520946012382459,14.9179419573091,6.96059078244079
-1.14704503618201,32.8470721830192,13.9512536546869
-2.75104510880426,78.7796245284454,30.2590975747332
-3.1430440650527,90.0050059262145,31.0100993893788
-3.18607975141346,91.2373867410453,27.9110710932252
-3.11030086405895,89.0673633292638,23.8800751726228
-2.8849227550508,82.613378715282,19.0844270240673
-2.43998173898382,69.87193508323,13.5900070066076
-0.544390578606328,15.5893064938039,2.47060861208166
-0.512717869637772,14.6823187776242,1.8038609274854
-0.528702824071595,15.1400679815071,1.32539170621022
-0.531804551607632,15.2288898368436,0.798598782095688
-0.539795048448257,15.4577077282281,0.269979756410627
-1.23031601306939,11.7056749422082,11.7701530722696
-1.03997012459248,9.89465478687617,9.27773928744878
-7.49712537910034,71.3303832157624,62.3481055787618
-1.35697155461889,12.9107219246571,10.5124849641813
-1.39944189947124,13.314800264079,10.0886885568176
-1.55853878375517,14.8285060046875,10.4402243261072
-1.5012690959534,14.2836213227619,9.3269863524971
-1.48614937425458,14.1397667800729,8.54282752340396
-1.06244890144008,10.1085260622894,5.6341117468292
-1.04959850745853,9.98626273056849,5.11628253762898
-1.12224963987804,10.6774920824197,5.00642203164159
-1.65955490208224,15.7896101702021,6.73920997238173
-1.86855880315398,17.7781494573529,6.86198284617464
-3.91467668555245,37.2456607067942,12.8953515415748
-4.86645449433567,46.3012216589991,14.2336776255011
-5.04788675368733,48.0274342982239,12.9397978010152
-4.25686516449888,40.5013666075265,9.40198228952057
-1.88800513489361,17.9631689448215,3.51091951705547
-1.59162094860885,15.1432617780401,2.41166841330795
-1.58311970775387,15.0623778742327,1.85961461688728
-1.37369422549512,13.0698275100216,1.14976024830778
-1.5502603418613,14.7497418913962,0.777259124335191
-1.57857210202474,15.0191102959317,0.263603593445741
-1.95954660202903,11.1131410187809,11.2845791321092
-1.32697775359579,7.52566480900498,7.12605678229815
-1.45930834983002,8.27614891360733,7.30533088187603
-2.08760682120059,11.8394066115848,9.73526295588166
-2.59833252132464,14.7358759895099,11.2755804366317
-2.55207744443271,14.4735504128677,10.290829933812
-2.51184368037902,14.2453733982552,9.39376606699609
-2.49521237517093,14.151052579392,8.63397976583521
-2.51025990704758,14.2363913733542,8.01309755547439
-2.46059236373642,13.9547127379485,7.21996883007959
-2.53801605534537,14.3938043125781,6.8154836925379
-2.61418800859034,14.825796926181,6.39025983107142
-2.92960442206737,16.6146122975423,6.47613922369738
-5.95952103457501,33.7981232970146,11.8171562855137
-7.77615767723142,44.1007816613632,13.6909584524981
-8.02108467334771,45.4898316815711,12.3769980746218
-7.09390842048232,40.2315538551144,9.43147130624366
-2.96108886689801,16.7931694571111,3.31461796527396
-1.82205824488743,10.3334057985146,1.66189866909361
-1.86566756075337,10.5807265187511,1.31919134030464
-2.71317587008167,15.3871849854196,1.36697162028114
-2.49123639847373,14.128503695034,0.751866037796918
-2.63132695345617,14.922996712606,0.264500229354799
-2.66455698808272,10.6869543641219,11.0141208239044
-2.24656325433357,9.01047306646332,8.65963009026394
-2.58055142739707,10.3500264630129,9.27257587217786
-2.89843072741921,11.6249706987074,9.70190366013771
-6.0936965125346,24.4404817872276,18.9810421075587
-3.36960819706214,13.5147603102629,9.75283801636755
-2.94374050148306,11.8066982766255,7.90208521360798
-2.96932147392215,11.9092979531455,7.37489401068971
-3.01005204350255,12.0726593450306,6.89685027856428
-3.1274401327383,12.5434772551616,6.58687935397687
-3.13954950431085,12.5920452917819,6.05152325459412
-2.42637562827193,9.73166110746911,4.25730521957602
-2.42253708711247,9.71626555977415,3.84390531901574
-3.1712414831355,12.7191548761978,4.51363035307965
-3.23835506149162,12.9883327366499,4.09249645345576
-3.33514822393642,13.3765489070801,3.6939619335683
-3.40877010421673,13.6718301407994,3.25301926877136
-3.44551938236096,13.8192234449015,2.76841879493046
-3.47828997094833,13.9506590967885,2.27721020856558
-3.50701521442052,14.065869755618,1.77994357275953
-3.57919259389015,14.3553574130273,1.29437964168202
-3.52850995005377,14.1520804314672,0.764384596946284
-3.42985433775607,13.7563943826773,0.247469663758466
-3.57361589972027,10.9984588227568,11.5644639769689
-4.52025813728558,13.9119240529063,13.6407025600048
-21.1259488816075,65.0189850801294,59.4287936290076
-6.23025749256434,19.174760917228,16.3264905555666
-5.91753098712839,18.2122876998095,14.4302077980502
-3.50938451303478,10.8007749413849,7.95198172020853
-9.78197539556967,30.1058246359982,20.5570865486004
-25.2295323037154,77.6485162217762,49.056953739549
-24.0328692578567,73.965566065991,43.1097227806413
-26.1663769487491,80.5318275626872,43.1446658893947
-24.9615692356588,76.8238106986475,37.6670898560056
-26.6069537367114,81.8877834898603,36.5480928326693
-26.6788587461283,82.1090843535831,33.1407480975065
-25.7399066435832,79.2192869253839,28.6811430510837
-27.3282502272609,84.1077058242469,27.0376216102717
-26.2954544045285,80.9290871233599,22.8008358781514
-26.8361435057453,82.593157068905,20.0494212963575
-22.7260614288172,69.9436251243041,14.2953265562355
-19.1659938302434,58.9868636849427,9.82339243900408
-16.9155680764734,52.0607653909294,6.72121804463891
-13.985413632773,43.0426772981719,3.95953999249611
-10.8739678504794,33.4666318371933,1.84417205982964
-11.7755837758911,36.2415203276882,0.665152995198855
-4.09766360107098,10.1420733087333,10.9385784262518
-3.77422835268058,9.34154297751075,9.39525608801961
-23.475976369027,58.1050804820904,54.4767638198636
-22.8064886292283,56.4480401787913,49.3006014036914
-11.9636668246823,29.6111144764238,24.0659661315957
-6.57665341865308,16.2777884159836,12.2929558125016
-9.94269770121465,24.6090403677688,17.2363847767821
-30.58456111415,75.69944513114,49.056953739549
-29.8848265121717,73.9675412169029,44.22087098291
-30.9372808719119,76.5724571665166,42.0796969926657
-31.6846636692228,78.4222945026103,39.4408469437166
-32.7704077450813,81.1096053909423,37.1328563063043
-33.311055596486,82.4477557802819,34.1342529397483
-31.8631229448367,78.8639967095524,29.2876667639688
-32.1520635502876,79.5791498035222,26.2405213156989
-32.7773012581227,81.126667434445,23.4449995182934
-34.7664694742933,86.0500315355223,21.4264032198726
-34.9463915747813,86.4953543610793,18.1333978550982
-35.2416784797108,87.2262150974562,14.9002543473896
-35.4950089393826,87.8532299877598,11.6341761289502
-31.7352039119136,78.5473859928627,7.41169703303481
-20.6316203107169,51.065052195732,2.88638113289982
-6.7929998323751,16.8132645803707,0.316524736124522
-9.61086692540568,19.7051973780667,21.9240408402836
-5.47085065937734,11.216906123628,11.637743065992
-15.1680726697459,31.0991576641339,30.0781757800931
-8.31694510121872,17.0522644912329,15.3635324707328
-7.34143026667379,15.0521626784478,12.6198189628139
-9.44934765295495,19.3740337932718,15.0933849233166
-5.08084517697034,10.4172763848119,7.52681708628297
-9.17332616531139,18.8081058767978,12.5735703150253
-11.5652760131104,23.7123298386051,14.6239943563193
-13.3579930374598,27.3879444404933,15.5261984202395
-13.7695610871214,28.2317839937858,14.64706751662
-14.1720388619883,29.0569857217456,13.7227863542586
-14.1839151072794,29.0813356330895,12.4202856998245
-14.1280078945862,28.9667088601327,11.0971337290614
-14.9190824728487,30.58865210692,10.4049303531298
-15.8274983916938,32.4511807550799,9.67437169011442
-15.8107826736796,32.4169084542207,8.3267496569707
-15.8766968191887,32.5520524799723,7.03996432795477
-16.2894851737074,33.3983940290013,5.88542610824214
-16.3165894962055,33.4539661255426,4.57015771087802
-10.1000903534985,20.7082540520759,2.01574262583441
-7.68680327524751,15.7602822847043,0.918966251296556
-6.57553184644592,13.4818382051951,0.261824566142123
-31.0738176084942,53.8214308830404,62.1476352169884
-25.2527104053071,43.7389774508152,47.0970668376288
-4.83296738899403,8.37094506906117,8.40246891110166
-8.0305191240163,13.9092671339497,13.0059723297911
-7.87148033135914,13.6338038646931,11.8631717680003
-7.75765212153764,13.4366476219477,10.8639329886184
-8.54108164505139,14.793587360823,11.0932865488325
-8.23629523088849,14.2656818060361,9.8977309018508
-8.13432595001016,14.0890658307436,9.01786100311556
-7.79460610215386,13.5006537939169,7.94310035566393
-8.13026713877721,14.0820357634698,7.58241165931549
-8.31731408265012,14.4060105736581,7.06098073318094
-8.25537458836454,14.2987282225604,6.3378828004369
-8.3011730684381,14.3780535169572,5.71664622031948
-8.33594177593706,14.4382746848589,5.09710631951391
-8.27077790988122,14.3254075580326,4.43229652345969
-5.22561557118857,9.05103167012166,2.41285682887576
-5.85787816246331,10.1461426019347,2.27731233622142
-8.02011373472235,13.8912444710201,2.54052245042626
-7.81064797286355,13.5284391290345,1.91805396343043
-7.13231765799131,12.3535365593616,1.24799387948002
-27.6158056822055,47.8319785335293,2.89456609783277
-47.6173359964191,82.4756452668762,1.66232738305248
